knap_id,method,item_count,price,elapsed_ms
9000,Recursive,4,473,0.002457
9000,BranchAndBound,4,473,0.001975
9000,Dynamic,4,473,0.005751
9000,FPTAS25,4,418,0.003486
9000,FPTAS50,4,446,0.000724
9000,FPTAS75,4,459,0.000683
9001,Recursive,4,326,0.001798
9001,BranchAndBound,4,326,0.00179
9001,Dynamic,4,326,0.004568
9001,FPTAS25,4,291,0.000596
9001,FPTAS50,4,305,0.000473
9001,FPTAS75,4,319,0.002341
9002,Recursive,4,196,0.001634
9002,BranchAndBound,4,196,0.001677
9002,Dynamic,4,196,0.000725
9002,FPTAS25,4,183,0.000429
9002,FPTAS50,4,196,0.000493
9002,FPTAS75,4,196,0.000674
9003,Recursive,4,545,0.00161
9003,BranchAndBound,4,545,0.001667
9003,Dynamic,4,545,0.001787
9003,FPTAS25,4,504,0.000498
9003,FPTAS50,4,532,0.000582
9003,FPTAS75,4,532,0.000517
9004,Recursive,4,243,0.001527
9004,BranchAndBound,4,243,0.001632
9004,Dynamic,4,243,0.000719
9004,FPTAS25,4,227,0.000428
9004,FPTAS50,4,243,0.00049
9004,FPTAS75,4,243,0.000517
9005,Recursive,4,563,0.001505
9005,BranchAndBound,4,563,0.001591
9005,Dynamic,4,563,0.000567
9005,FPTAS25,4,472,0.000495
9005,FPTAS50,4,517,0.000463
9005,FPTAS75,4,540,0.002413
9006,Recursive,4,410,0.001558
9006,BranchAndBound,4,410,0.001594
9006,Dynamic,4,410,0.000659
9006,FPTAS25,4,371,0.000484
9006,FPTAS50,4,371,0.00044
9006,FPTAS75,4,396,0.00047
9007,Recursive,4,375,0.001603
9007,BranchAndBound,4,375,0.001558
9007,Dynamic,4,375,0.002709
9007,FPTAS25,4,340,0.000454
9007,FPTAS50,4,353,0.000418
9007,FPTAS75,4,366,0.000593
9008,Recursive,4,235,0.00156
9008,BranchAndBound,4,235,0.001581
9008,Dynamic,4,235,0.00433
9008,FPTAS25,4,220,0.000474
9008,FPTAS50,4,235,0.000412
9008,FPTAS75,4,235,0.002245
9009,Recursive,4,224,0.00151
9009,BranchAndBound,4,224,0.001625
9009,Dynamic,4,224,0.000634
9009,FPTAS25,4,167,0.00046
9009,FPTAS50,4,201,0.000457
9009,FPTAS75,4,212,0.000529
9010,Recursive,4,297,0.001512
9010,BranchAndBound,4,297,0.001585
9010,Dynamic,4,297,0.000559
9010,FPTAS25,4,237,0.000569
9010,FPTAS50,4,284,0.000524
9010,FPTAS75,4,284,0.000518
9011,Recursive,4,459,0.001579
9011,BranchAndBound,4,459,0.001609
9011,Dynamic,4,459,0.000692
9011,FPTAS25,4,406,0.000462
9011,FPTAS50,4,451,0.000473
9011,FPTAS75,4,451,0.000436
9012,Recursive,4,325,0.001575
9012,BranchAndBound,4,325,0.001527
9012,Dynamic,4,325,0.000558
9012,FPTAS25,4,297,0.000487
9012,FPTAS50,4,297,0.000439
9012,FPTAS75,4,321,0.000482
9013,Recursive,4,431,0.001577
9013,BranchAndBound,4,431,0.001538
9013,Dynamic,4,431,0.001858
9013,FPTAS25,4,404,0.000474
9013,FPTAS50,4,394,0.000486
9013,FPTAS75,4,415,0.000506
9014,Recursive,4,472,0.001544
9014,BranchAndBound,4,472,0.001553
9014,Dynamic,4,472,0.000542
9014,FPTAS25,4,410,0.000475
9014,FPTAS50,4,455,0.000485
9014,FPTAS75,4,470,0.00051
9015,Recursive,4,230,0.001533
9015,BranchAndBound,4,230,0.001677
9015,Dynamic,4,230,0.000663
9015,FPTAS25,4,199,0.000462
9015,FPTAS50,4,213,0.000464
9015,FPTAS75,4,226,0.000464
9016,Recursive,4,452,0.001513
9016,BranchAndBound,4,452,0.001599
9016,Dynamic,4,452,0.000494
9016,FPTAS25,4,398,0.000433
9016,FPTAS50,4,410,0.000489
9016,FPTAS75,4,434,0.000443
9017,Recursive,4,306,0.001559
9017,BranchAndBound,4,306,0.001553
9017,Dynamic,4,306,0.000493
9017,FPTAS25,4,278,0.000413
9017,FPTAS50,4,288,0.000419
9017,FPTAS75,4,299,0.000452
9018,Recursive,4,483,0.001541
9018,BranchAndBound,4,483,0.001555
9018,Dynamic,4,483,0.000653
9018,FPTAS25,4,429,0.000438
9018,FPTAS50,4,458,0.000467
9018,FPTAS75,4,458,0.000439
9019,Recursive,4,227,0.001519
9019,BranchAndBound,4,227,0.001531
9019,Dynamic,4,227,0.000608
9019,FPTAS25,4,212,0.000407
9019,FPTAS50,4,227,0.000483
9019,FPTAS75,4,227,0.000494
9020,Recursive,4,229,0.001511
9020,BranchAndBound,4,229,0.001541
9020,Dynamic,4,229,0.000585
9020,FPTAS25,4,214,0.000419
9020,FPTAS50,4,229,0.000445
9020,FPTAS75,4,229,0.000445
9021,Recursive,4,496,0.001509
9021,BranchAndBound,4,496,0.001488
9021,Dynamic,4,496,0.000485
9021,FPTAS25,4,423,0.000478
9021,FPTAS50,4,439,0.000462
9021,FPTAS75,4,470,0.000472
9022,Recursive,4,286,0.001517
9022,BranchAndBound,4,286,0.001595
9022,Dynamic,4,286,0.000551
9022,FPTAS25,4,254,0.000454
9022,FPTAS50,4,266,0.000473
9022,FPTAS75,4,278,0.000468
9023,Recursive,4,387,0.001547
9023,BranchAndBound,4,387,0.001539
9023,Dynamic,4,387,0.000596
9023,FPTAS25,4,318,0.00048
9023,FPTAS50,4,361,0.000481
9023,FPTAS75,4,371,0.000456
9024,Recursive,4,393,0.001517
9024,BranchAndBound,4,393,0.00152
9024,Dynamic,4,393,0.000625
9024,FPTAS25,4,356,0.000443
9024,FPTAS50,4,369,0.000456
9024,FPTAS75,4,382,0.000465
9025,Recursive,4,295,0.001504
9025,BranchAndBound,4,295,0.001597
9025,Dynamic,4,295,0.000554
9025,FPTAS25,4,273,0.000455
9025,FPTAS50,4,286,0.000513
9025,FPTAS75,4,286,0.000472
9026,Recursive,4,512,0.001498
9026,BranchAndBound,4,512,0.001238
9026,Dynamic,4,512,0.000638
9026,FPTAS25,4,465,0.000471
9026,FPTAS50,4,465,0.000464
9026,FPTAS75,4,496,0.000513
9027,Recursive,4,184,0.00149
9027,BranchAndBound,4,184,0.001559
9027,Dynamic,4,184,0.000585
9027,FPTAS25,4,168,0.000489
9027,FPTAS50,4,182,0.000459
9027,FPTAS75,4,182,0.000445
9028,Recursive,4,317,0.001496
9028,BranchAndBound,4,317,0.001555
9028,Dynamic,4,317,0.000578
9028,FPTAS25,4,263,0.000423
9028,FPTAS50,4,292,0.000439
9028,FPTAS75,4,307,0.000482
9029,Recursive,4,372,0.001525
9029,BranchAndBound,4,372,0.001416
9029,Dynamic,4,372,0.000574
9029,FPTAS25,4,332,0.000458
9029,FPTAS50,4,362,0.000467
9029,FPTAS75,4,362,0.000469
9030,Recursive,4,296,0.00152
9030,BranchAndBound,4,296,0.001509
9030,Dynamic,4,296,0.000499
9030,FPTAS25,4,256,0.000433
9030,FPTAS50,4,277,0.000446
9030,FPTAS75,4,288,0.000458
9031,Recursive,4,309,0.001525
9031,BranchAndBound,4,309,0.001548
9031,Dynamic,4,309,0.000628
9031,FPTAS25,4,288,0.000428
9031,FPTAS50,4,299,0.000481
9031,FPTAS75,4,299,0.00044
9032,Recursive,4,501,0.001508
9032,BranchAndBound,4,501,0.001531
9032,Dynamic,4,501,0.000571
9032,FPTAS25,4,477,0.000452
9032,FPTAS50,4,477,0.000446
9032,FPTAS75,4,490,0.000489
9033,Recursive,4,100,0.001504
9033,BranchAndBound,4,100,0.002804
9033,Dynamic,4,100,0.000549
9033,FPTAS25,4,80,0.000463
9033,FPTAS50,4,91,0.000436
9033,FPTAS75,4,95,0.000448
9034,Recursive,4,253,0.0015
9034,BranchAndBound,4,253,0.002737
9034,Dynamic,4,253,0.000625
9034,FPTAS25,4,237,0.000408
9034,FPTAS50,4,253,0.000425
9034,FPTAS75,4,253,0.000467
9035,Recursive,4,585,0.001869
9035,BranchAndBound,4,585,0.001632
9035,Dynamic,4,585,0.000602
9035,FPTAS25,4,533,0.00053
9035,FPTAS50,4,533,0.000499
9035,FPTAS75,4,562,0.000434
9036,Recursive,4,584,0.00271
9036,BranchAndBound,4,584,0.001384
9036,Dynamic,4,584,0.000518
9036,FPTAS25,4,492,0.000489
9036,FPTAS50,4,520,0.000583
9036,FPTAS75,4,561,0.000467
9037,Recursive,4,231,0.002279
9037,BranchAndBound,4,231,0.001541
9037,Dynamic,4,231,0.000601
9037,FPTAS25,4,195,0.000527
9037,FPTAS50,4,208,0.000463
9037,FPTAS75,4,221,0.000532
9038,Recursive,4,251,0.001557
9038,BranchAndBound,4,251,0.001544
9038,Dynamic,4,251,0.000567
9038,FPTAS25,4,211,0.001642
9038,FPTAS50,4,241,0.000466
9038,FPTAS75,4,241,0.000606
9039,Recursive,4,159,0.001524
9039,BranchAndBound,4,159,0.001555
9039,Dynamic,4,159,0.000535
9039,FPTAS25,4,149,0.000445
9039,FPTAS50,4,159,0.000402
9039,FPTAS75,4,159,0.000486
9040,Recursive,4,314,0.001492
9040,BranchAndBound,4,314,0.001893
9040,Dynamic,4,314,0.000503
9040,FPTAS25,4,249,0.00045
9040,FPTAS50,4,308,0.000456
9040,FPTAS75,4,308,0.000495
9041,Recursive,4,401,0.001494
9041,BranchAndBound,4,401,0.001382
9041,Dynamic,4,401,0.000547
9041,FPTAS25,4,362,0.000465
9041,FPTAS50,4,382,0.000484
9041,FPTAS75,4,392,0.000547
9042,Recursive,4,437,0.001532
9042,BranchAndBound,4,437,0.001559
9042,Dynamic,4,437,0.000542
9042,FPTAS25,4,364,0.000488
9042,FPTAS50,4,405,0.000457
9042,FPTAS75,4,418,0.000441
9043,Recursive,4,398,0.001549
9043,BranchAndBound,4,398,0.001376
9043,Dynamic,4,398,0.000497
9043,FPTAS25,4,339,0.000458
9043,FPTAS50,4,367,0.000452
9043,FPTAS75,4,381,0.001276
9044,Recursive,4,505,0.001496
9044,BranchAndBound,4,505,0.001527
9044,Dynamic,4,505,0.000649
9044,FPTAS25,4,468,0.001277
9044,FPTAS50,4,454,0.000499
9044,FPTAS75,4,482,0.000495
9045,Recursive,4,319,0.001504
9045,BranchAndBound,4,319,0.001577
9045,Dynamic,4,319,0.000588
9045,FPTAS25,4,270,0.000447
9045,FPTAS50,4,270,0.000445
9045,FPTAS75,4,300,0.000469
9046,Recursive,4,217,0.001512
9046,BranchAndBound,4,217,0.00128
9046,Dynamic,4,217,0.000543
9046,FPTAS25,4,179,0.000499
9046,FPTAS50,4,188,0.000502
9046,FPTAS75,4,205,0.000432
9047,Recursive,4,330,0.00152
9047,BranchAndBound,4,330,0.001437
9047,Dynamic,4,330,0.000589
9047,FPTAS25,4,267,0.000473
9047,FPTAS50,4,306,0.000454
9047,FPTAS75,4,318,0.000436
9048,Recursive,4,254,0.002036
9048,BranchAndBound,4,254,0.001391
9048,Dynamic,4,254,0.000505
9048,FPTAS25,4,216,0.000441
9048,FPTAS50,4,240,0.000458
9048,FPTAS75,4,240,0.000445
9049,Recursive,4,462,0.001767
9049,BranchAndBound,4,462,0.001549
9049,Dynamic,4,462,0.000659
9049,FPTAS25,4,415,0.000493
9049,FPTAS50,4,430,0.000498
9049,FPTAS75,4,445,0.000456
9050,Recursive,10,798,0.104881
9050,BranchAndBound,10,798,0.053549
9050,Dynamic,10,798,0.013673
9050,FPTAS25,10,752,0.004787
9050,FPTAS50,10,769,0.006115
9050,FPTAS75,10,786,0.008077
9051,Recursive,10,942,0.101327
9051,BranchAndBound,10,942,0.028293
9051,Dynamic,10,942,0.006218
9051,FPTAS25,10,899,0.005869
9051,FPTAS50,10,904,0.004767
9051,FPTAS75,10,926,0.005727
9052,Recursive,10,740,0.100552
9052,BranchAndBound,10,740,0.051887
9052,Dynamic,10,740,0.004198
9052,FPTAS25,10,696,0.00334
9052,FPTAS50,10,714,0.003372
9052,FPTAS75,10,725,0.003357
9053,Recursive,10,956,0.098713
9053,BranchAndBound,10,956,0.068063
9053,Dynamic,10,956,0.013967
9053,FPTAS25,10,878,0.003929
9053,FPTAS50,10,911,0.004086
9053,FPTAS75,10,933,0.006711
9054,Recursive,10,1501,0.099054
9054,BranchAndBound,10,1501,0.025042
9054,Dynamic,10,1501,0.015865
9054,FPTAS25,10,1400,0.0065
9054,FPTAS50,10,1456,0.006331
9054,FPTAS75,10,1481,0.008751
9055,Recursive,10,1351,0.099283
9055,BranchAndBound,10,1351,0.027137
9055,Dynamic,10,1351,0.007741
9055,FPTAS25,10,1282,0.005671
9055,FPTAS50,10,1305,0.005636
9055,FPTAS75,10,1327,0.005678
9056,Recursive,10,1375,0.099867
9056,BranchAndBound,10,1375,0.043471
9056,Dynamic,10,1375,0.011562
9056,FPTAS25,10,1302,0.005006
9056,FPTAS50,10,1339,0.00503
9056,FPTAS75,10,1357,0.005284
9057,Recursive,10,1153,0.09996
9057,BranchAndBound,10,1153,0.047979
9057,Dynamic,10,1153,0.007253
9057,FPTAS25,10,1088,0.004322
9057,FPTAS50,10,1118,0.005387
9057,FPTAS75,10,1142,0.005124
9058,Recursive,10,1234,0.099679
9058,BranchAndBound,10,1234,0.064522
9058,Dynamic,10,1234,0.005193
9058,FPTAS25,10,1176,0.003393
9058,FPTAS50,10,1189,0.00348
9058,FPTAS75,10,1214,0.003538
9059,Recursive,10,1260,0.100414
9059,BranchAndBound,10,1260,0.060626
9059,Dynamic,10,1260,0.007007
9059,FPTAS25,10,1195,0.005315
9059,FPTAS50,10,1239,0.005627
9059,FPTAS75,10,1239,0.007015
9060,Recursive,10,1319,0.099244
9060,BranchAndBound,10,1319,0.049035
9060,Dynamic,10,1319,0.006217
9060,FPTAS25,10,1251,0.003965
9060,FPTAS50,10,1282,0.004067
9060,FPTAS75,10,1301,0.003899
9061,Recursive,10,1169,0.098377
9061,BranchAndBound,10,1169,0.025165
9061,Dynamic,10,1169,0.014311
9061,FPTAS25,10,1098,0.007167
9061,FPTAS50,10,1143,0.006625
9061,FPTAS75,10,1154,0.006756
9062,Recursive,10,99,0.098544
9062,BranchAndBound,10,99,0.058301
9062,Dynamic,10,99,0.00537
9062,FPTAS25,10,96,0.004571
9062,FPTAS50,10,99,0.004707
9062,FPTAS75,10,99,0.004487
9063,Recursive,10,1023,0.09943
9063,BranchAndBound,10,1023,0.049101
9063,Dynamic,10,1023,0.00726
9063,FPTAS25,10,977,0.004192
9063,FPTAS50,10,983,0.003992
9063,FPTAS75,10,1007,0.004015
9064,Recursive,10,1389,0.098588
9064,BranchAndBound,10,1389,0.025006
9064,Dynamic,10,1389,0.013938
9064,FPTAS25,10,1319,0.005064
9064,FPTAS50,10,1338,0.005268
9064,FPTAS75,10,1370,0.007033
9065,Recursive,10,1168,0.099358
9065,BranchAndBound,10,1168,0.049255
9065,Dynamic,10,1168,0.004639
9065,FPTAS25,10,1100,0.002975
9065,FPTAS50,10,1125,0.002789
9065,FPTAS75,10,1144,0.00288
9066,Recursive,10,1024,0.099337
9066,BranchAndBound,10,1024,0.032275
9066,Dynamic,10,1024,0.00925
9066,FPTAS25,10,965,0.007727
9066,FPTAS50,10,976,0.006511
9066,FPTAS75,10,1004,0.007574
9067,Recursive,10,1195,0.099426
9067,BranchAndBound,10,1195,0.082443
9067,Dynamic,10,1195,0.006527
9067,FPTAS25,10,1128,0.002858
9067,FPTAS50,10,1160,0.003096
9067,FPTAS75,10,1179,0.003371
9068,Recursive,10,872,0.099857
9068,BranchAndBound,10,872,0.045509
9068,Dynamic,10,872,0.012131
9068,FPTAS25,10,803,0.00452
9068,FPTAS50,10,828,0.004218
9068,FPTAS75,10,847,0.004096
9069,Recursive,10,1099,0.099732
9069,BranchAndBound,10,1099,0.028222
9069,Dynamic,10,1099,0.007607
9069,FPTAS25,10,1054,0.003418
9069,FPTAS50,10,1054,0.003581
9069,FPTAS75,10,1079,0.00508
9070,Recursive,10,1286,0.099791
9070,BranchAndBound,10,1286,0.044003
9070,Dynamic,10,1286,0.006346
9070,FPTAS25,10,1242,0.004674
9070,FPTAS50,10,1248,0.004219
9070,FPTAS75,10,1272,0.004371
9071,Recursive,10,1178,0.099056
9071,BranchAndBound,10,1178,0.034521
9071,Dynamic,10,1178,0.007534
9071,FPTAS25,10,1106,0.00548
9071,FPTAS50,10,1150,0.005599
9071,FPTAS75,10,1156,0.005807
9072,Recursive,10,1217,0.098849
9072,BranchAndBound,10,1217,0.025207
9072,Dynamic,10,1217,0.006252
9072,FPTAS25,10,1178,0.004973
9072,FPTAS50,10,1190,0.005224
9072,FPTAS75,10,1201,0.005462
9073,Recursive,10,939,0.098072
9073,BranchAndBound,10,939,0.060352
9073,Dynamic,10,939,0.006236
9073,FPTAS25,10,873,0.004062
9073,FPTAS50,10,907,0.003944
9073,FPTAS75,10,924,0.004047
9074,Recursive,10,784,0.098114
9074,BranchAndBound,10,784,0.06465
9074,Dynamic,10,784,0.007378
9074,FPTAS25,10,722,0.003856
9074,FPTAS50,10,759,0.003808
9074,FPTAS75,10,770,0.003845
9075,Recursive,10,1240,0.09992
9075,BranchAndBound,10,1240,0.031457
9075,Dynamic,10,1240,0.007561
9075,FPTAS25,10,1180,0.005548
9075,FPTAS50,10,1205,0.00529
9075,FPTAS75,10,1223,0.005944
9076,Recursive,10,917,0.099126
9076,BranchAndBound,10,917,0.051573
9076,Dynamic,10,917,0.005717
9076,FPTAS25,10,872,0.00402
9076,FPTAS50,10,889,0.004118
9076,FPTAS75,10,906,0.003678
9077,Recursive,10,1033,0.098809
9077,BranchAndBound,10,1033,0.053398
9077,Dynamic,10,1033,0.006726
9077,FPTAS25,10,970,0.004382
9077,FPTAS50,10,993,0.004407
9077,FPTAS75,10,1016,0.004935
9078,Recursive,10,1386,0.097949
9078,BranchAndBound,10,1386,0.016675
9078,Dynamic,10,1386,0.007386
9078,FPTAS25,10,1315,0.006576
9078,FPTAS50,10,1333,0.006369
9078,FPTAS75,10,1364,0.007198
9079,Recursive,10,1266,0.098163
9079,BranchAndBound,10,1266,0.053331
9079,Dynamic,10,1266,0.00675
9079,FPTAS25,10,1162,0.00533
9079,FPTAS50,10,1217,0.005629
9079,FPTAS75,10,1242,0.005258
9080,Recursive,10,1054,0.111904
9080,BranchAndBound,10,1054,0.075563
9080,Dynamic,10,1054,0.008036
9080,FPTAS25,10,1007,0.003679
9080,FPTAS50,10,1030,0.003298
9080,FPTAS75,10,1041,0.003448
9081,Recursive,10,980,0.095776
9081,BranchAndBound,10,980,0.053197
9081,Dynamic,10,980,0.00724
9081,FPTAS25,10,930,0.003404
9081,FPTAS50,10,954,0.003253
9081,FPTAS75,10,967,0.003963
9082,Recursive,10,952,0.095515
9082,BranchAndBound,10,952,0.053636
9082,Dynamic,10,952,0.005039
9082,FPTAS25,10,911,0.003219
9082,FPTAS50,10,917,0.00303
9082,FPTAS75,10,936,0.003559
9083,Recursive,10,1446,0.095727
9083,BranchAndBound,10,1446,0.039871
9083,Dynamic,10,1446,0.008019
9083,FPTAS25,10,1361,0.006336
9083,FPTAS50,10,1391,0.006226
9083,FPTAS75,10,1421,0.006396
9084,Recursive,10,1196,0.095731
9084,BranchAndBound,10,1196,0.021132
9084,Dynamic,10,1196,0.006752
9084,FPTAS25,10,1134,0.005116
9084,FPTAS50,10,1159,0.00478
9084,FPTAS75,10,1183,0.005761
9085,Recursive,10,1062,0.095874
9085,BranchAndBound,10,1062,0.027009
9085,Dynamic,10,1062,0.006002
9085,FPTAS25,10,999,0.005002
9085,FPTAS50,10,1035,0.004742
9085,FPTAS75,10,1045,0.005504
9086,Recursive,10,748,0.095456
9086,BranchAndBound,10,748,0.038207
9086,Dynamic,10,748,0.00486
9086,FPTAS25,10,696,0.002834
9086,FPTAS50,10,712,0.002747
9086,FPTAS75,10,739,0.002656
9087,Recursive,10,1059,0.09599
9087,BranchAndBound,10,1059,0.069858
9087,Dynamic,10,1059,0.005655
9087,FPTAS25,10,1000,0.003093
9087,FPTAS50,10,1041,0.002917
9087,FPTAS75,10,1041,0.003272
9088,Recursive,10,1578,0.0953
9088,BranchAndBound,10,1578,0.019393
9088,Dynamic,10,1578,0.009211
9088,FPTAS25,10,1499,0.006298
9088,FPTAS50,10,1543,0.006173
9088,FPTAS75,10,1555,0.00631
9089,Recursive,10,694,0.09628
9089,BranchAndBound,10,694,0.07264
9089,Dynamic,10,694,0.006324
9089,FPTAS25,10,650,0.003853
9089,FPTAS50,10,663,0.003848
9089,FPTAS75,10,677,0.003857
9090,Recursive,10,1143,0.098734
9090,BranchAndBound,10,1143,0.027571
9090,Dynamic,10,1143,0.008288
9090,FPTAS25,10,1066,0.006047
9090,FPTAS50,10,1092,0.005825
9090,FPTAS75,10,1117,0.005926
9091,Recursive,10,1043,0.095971
9091,BranchAndBound,10,1043,0.019485
9091,Dynamic,10,1043,0.007333
9091,FPTAS25,10,963,0.006138
9091,FPTAS50,10,999,0.005958
9091,FPTAS75,10,1017,0.005922
9092,Recursive,10,1436,0.096447
9092,BranchAndBound,10,1436,0.023263
9092,Dynamic,10,1436,0.009181
9092,FPTAS25,10,1374,0.004707
9092,FPTAS50,10,1393,0.005031
9092,FPTAS75,10,1424,0.005357
9093,Recursive,10,1368,0.095984
9093,BranchAndBound,10,1368,0.018166
9093,Dynamic,10,1368,0.007914
9093,FPTAS25,10,1306,0.006302
9093,FPTAS50,10,1306,0.006926
9093,FPTAS75,10,1337,0.006918
9094,Recursive,10,1315,0.095818
9094,BranchAndBound,10,1315,0.03864
9094,Dynamic,10,1315,0.008149
9094,FPTAS25,10,1228,0.00717
9094,FPTAS50,10,1285,0.006129
9094,FPTAS75,10,1291,0.006052
9095,Recursive,10,1005,0.099527
9095,BranchAndBound,10,1005,0.04024
9095,Dynamic,10,1005,0.007236
9095,FPTAS25,10,960,0.005774
9095,FPTAS50,10,976,0.005603
9095,FPTAS75,10,987,0.005754
9096,Recursive,10,1187,0.096068
9096,BranchAndBound,10,1187,0.024474
9096,Dynamic,10,1187,0.008066
9096,FPTAS25,10,1138,0.00604
9096,FPTAS50,10,1138,0.005896
9096,FPTAS75,10,1167,0.006535
9097,Recursive,10,959,0.095386
9097,BranchAndBound,10,959,0.04267
9097,Dynamic,10,959,0.007109
9097,FPTAS25,10,884,0.005537
9097,FPTAS50,10,910,0.005479
9097,FPTAS75,10,941,0.005622
9098,Recursive,10,925,0.09558
9098,BranchAndBound,10,925,0.046579
9098,Dynamic,10,925,0.005402
9098,FPTAS25,10,893,0.003645
9098,FPTAS50,10,909,0.003825
9098,FPTAS75,10,919,0.003811
9099,Recursive,10,1243,0.095378
9099,BranchAndBound,10,1243,0.02886
9099,Dynamic,10,1243,0.007582
9099,FPTAS25,10,1183,0.005232
9099,FPTAS50,10,1195,0.004884
9099,FPTAS75,10,1224,0.007327
9100,Recursive,15,2358,4
9100,BranchAndBound,15,2358,0.132059
9100,Dynamic,15,2358,0.190732
9100,FPTAS25,15,2282,0.182387
9100,FPTAS50,15,2303,0.182995
9100,FPTAS75,15,2333,0.191471
9101,Recursive,15,1726,3
9101,BranchAndBound,15,1726,0.219764
9101,Dynamic,15,1726,0.181097
9101,FPTAS25,15,1638,0.167188
9101,FPTAS50,15,1688,0.168953
9101,FPTAS75,15,1700,0.168855
9102,Recursive,15,2064,3
9102,BranchAndBound,15,2064,0.075035
9102,Dynamic,15,2064,0.18529
9102,FPTAS25,15,1973,0.177742
9102,FPTAS50,15,2007,0.216846
9102,FPTAS75,15,2040,0.178015
9103,Recursive,15,1485,3
9103,BranchAndBound,15,1485,0.094774
9103,Dynamic,15,1485,0.183538
9103,FPTAS25,15,1409,0.179496
9103,FPTAS50,15,1444,0.18006
9103,FPTAS75,15,1464,0.179275
9104,Recursive,15,1479,3
9104,BranchAndBound,15,1479,0.122681
9104,Dynamic,15,1479,0.180258
9104,FPTAS25,15,1397,0.172922
9104,FPTAS50,15,1425,0.173142
9104,FPTAS75,15,1449,0.175398
9105,Recursive,15,1852,2
9105,BranchAndBound,15,1852,0.043029
9105,Dynamic,15,1852,0.165519
9105,FPTAS25,15,1744,0.159802
9105,FPTAS50,15,1784,0.206272
9105,FPTAS75,15,1816,0.161119
9106,Recursive,15,1987,2
9106,BranchAndBound,15,1987,0.06436
9106,Dynamic,15,1987,0.158105
9106,FPTAS25,15,1901,0.155704
9106,FPTAS50,15,1926,0.157112
9106,FPTAS75,15,1963,0.166762
9107,Recursive,15,1636,2
9107,BranchAndBound,15,1636,0.063131
9107,Dynamic,15,1636,0.149398
9107,FPTAS25,15,1561,0.146703
9107,FPTAS50,15,1594,0.162582
9107,FPTAS75,15,1618,0.153169
9108,Recursive,15,1664,2
9108,BranchAndBound,15,1664,0.059099
9108,Dynamic,15,1664,0.205239
9108,FPTAS25,15,1579,0.157137
9108,FPTAS50,15,1611,0.16371
9108,FPTAS75,15,1636,0.175648
9109,Recursive,15,1806,2
9109,BranchAndBound,15,1806,0.093922
9109,Dynamic,15,1806,0.156811
9109,FPTAS25,15,1739,0.15564
9109,FPTAS50,15,1755,0.149669
9109,FPTAS75,15,1780,0.149267
9110,Recursive,15,2084,2
9110,BranchAndBound,15,2084,0.068535
9110,Dynamic,15,2084,0.150205
9110,FPTAS25,15,2034,0.14688
9110,FPTAS50,15,2038,0.147757
9110,FPTAS75,15,2066,0.146923
9111,Recursive,15,1454,2
9111,BranchAndBound,15,1454,0.039796
9111,Dynamic,15,1454,0.149357
9111,FPTAS25,15,1396,0.148596
9111,FPTAS50,15,1412,0.150781
9111,FPTAS75,15,1434,0.147868
9112,Recursive,15,1627,2
9112,BranchAndBound,15,1627,0.136945
9112,Dynamic,15,1627,0.176508
9112,FPTAS25,15,1554,0.142023
9112,FPTAS50,15,1566,0.142739
9112,FPTAS75,15,1594,0.143013
9113,Recursive,15,2087,2
9113,BranchAndBound,15,2087,0.699619
9113,Dynamic,15,2087,0.130109
9113,FPTAS25,15,2029,0.124663
9113,FPTAS50,15,2041,0.12546
9113,FPTAS75,15,2066,0.124715
9114,Recursive,15,1778,2
9114,BranchAndBound,15,1778,0.044179
9114,Dynamic,15,1778,0.14964
9114,FPTAS25,15,1720,0.14322
9114,FPTAS50,15,1728,0.144371
9114,FPTAS75,15,1749,0.144436
9115,Recursive,15,1874,2
9115,BranchAndBound,15,1874,0.130788
9115,Dynamic,15,1874,0.14518
9115,FPTAS25,15,1783,0.140657
9115,FPTAS50,15,1812,0.142073
9115,FPTAS75,15,1840,0.140348
9116,Recursive,15,1634,2
9116,BranchAndBound,15,1634,0.05724
9116,Dynamic,15,1634,0.145083
9116,FPTAS25,15,1568,0.144552
9116,FPTAS50,15,1590,0.144321
9116,FPTAS75,15,1616,0.143666
9117,Recursive,15,1817,2
9117,BranchAndBound,15,1817,0.080814
9117,Dynamic,15,1817,0.147601
9117,FPTAS25,15,1744,0.142189
9117,FPTAS50,15,1782,0.143447
9117,FPTAS75,15,1790,0.143068
9118,Recursive,15,1921,2
9118,BranchAndBound,15,1921,0.092906
9118,Dynamic,15,1921,0.142135
9118,FPTAS25,15,1855,0.137883
9118,FPTAS50,15,1886,0.137748
9118,FPTAS75,15,1904,0.139361
9119,Recursive,15,1769,2
9119,BranchAndBound,15,1769,0.039712
9119,Dynamic,15,1769,0.144472
9119,FPTAS25,15,1690,0.142835
9119,FPTAS50,15,1715,0.14449
9119,FPTAS75,15,1735,0.143939
9120,Recursive,15,1787,2
9120,BranchAndBound,15,1787,0.331692
9120,Dynamic,15,1787,0.134848
9120,FPTAS25,15,1733,0.127175
9120,FPTAS50,15,1754,0.127373
9120,FPTAS75,15,1766,0.126255
9121,Recursive,15,2021,2
9121,BranchAndBound,15,2021,0.046819
9121,Dynamic,15,2021,0.148231
9121,FPTAS25,15,1952,0.144549
9121,FPTAS50,15,1960,0.145327
9121,FPTAS75,15,1992,0.146518
9122,Recursive,15,1778,2
9122,BranchAndBound,15,1778,0.054589
9122,Dynamic,15,1778,0.144341
9122,FPTAS25,15,1705,0.143404
9122,FPTAS50,15,1718,0.145285
9122,FPTAS75,15,1751,0.144097
9123,Recursive,15,1990,2
9123,BranchAndBound,15,1990,0.043872
9123,Dynamic,15,1990,0.146258
9123,FPTAS25,15,1912,0.143443
9123,FPTAS50,15,1933,0.146574
9123,FPTAS75,15,1966,0.143155
9124,Recursive,15,1470,2
9124,BranchAndBound,15,1470,0.069156
9124,Dynamic,15,1470,0.145357
9124,FPTAS25,15,1378,0.14461
9124,FPTAS50,15,1423,0.14422
9124,FPTAS75,15,1439,0.144811
9125,Recursive,15,2122,2
9125,BranchAndBound,15,2122,0.051479
9125,Dynamic,15,2122,0.145363
9125,FPTAS25,15,2036,0.143596
9125,FPTAS50,15,2066,0.172272
9125,FPTAS75,15,2099,0.143344
9126,Recursive,15,199,2
9126,BranchAndBound,15,199,1.240492
9126,Dynamic,15,199,0.099549
9126,FPTAS25,15,199,0.097823
9126,FPTAS50,15,199,0.097921
9126,FPTAS75,15,199,0.098194
9127,Recursive,15,1201,2
9127,BranchAndBound,15,1201,0.126077
9127,Dynamic,15,1201,0.142645
9127,FPTAS25,15,1156,0.136821
9127,FPTAS50,15,1160,0.137922
9127,FPTAS75,15,1179,0.138988
9128,Recursive,15,1915,2
9128,BranchAndBound,15,1915,0.06443
9128,Dynamic,15,1915,0.148375
9128,FPTAS25,15,1825,0.143566
9128,FPTAS50,15,1864,0.144814
9128,FPTAS75,15,1887,0.143298
9129,Recursive,15,1833,2
9129,BranchAndBound,15,1833,0.032786
9129,Dynamic,15,1833,0.146486
9129,FPTAS25,15,1757,0.143228
9129,FPTAS50,15,1765,0.144455
9129,FPTAS75,15,1803,0.144026
9130,Recursive,15,1274,2
9130,BranchAndBound,15,1274,0.099477
9130,Dynamic,15,1274,0.142923
9130,FPTAS25,15,1227,0.139508
9130,FPTAS50,15,1235,0.139993
9130,FPTAS75,15,1250,0.142614
9131,Recursive,15,1984,2
9131,BranchAndBound,15,1984,0.034462
9131,Dynamic,15,1984,0.14691
9131,FPTAS25,15,1901,0.144423
9131,FPTAS50,15,1926,0.145519
9131,FPTAS75,15,1959,0.143691
9132,Recursive,15,2238,2
9132,BranchAndBound,15,2238,0.067529
9132,Dynamic,15,2238,0.146127
9132,FPTAS25,15,2175,0.143907
9132,FPTAS50,15,2184,0.144027
9132,FPTAS75,15,2209,0.143327
9133,Recursive,15,1948,2
9133,BranchAndBound,15,1948,0.072401
9133,Dynamic,15,1948,0.147231
9133,FPTAS25,15,1890,0.143585
9133,FPTAS50,15,1889,0.144566
9133,FPTAS75,15,1919,0.143612
9134,Recursive,15,1609,2
9134,BranchAndBound,15,1609,0.199296
9134,Dynamic,15,1609,0.135032
9134,FPTAS25,15,1545,0.131
9134,FPTAS50,15,1564,0.131709
9134,FPTAS75,15,1583,0.131265
9135,Recursive,15,1763,2
9135,BranchAndBound,15,1763,0.051448
9135,Dynamic,15,1763,0.144432
9135,FPTAS25,15,1683,0.144942
9135,FPTAS50,15,1727,0.145774
9135,FPTAS75,15,1737,0.144806
9136,Recursive,15,2017,2
9136,BranchAndBound,15,2017,0.078872
9136,Dynamic,15,2017,0.147576
9136,FPTAS25,15,1943,0.144804
9136,FPTAS50,15,1964,0.145421
9136,FPTAS75,15,1989,0.144161
9137,Recursive,15,1846,2
9137,BranchAndBound,15,1846,0.053344
9137,Dynamic,15,1846,0.14759
9137,FPTAS25,15,1785,0.144549
9137,FPTAS50,15,1795,0.144993
9137,FPTAS75,15,1819,0.147058
9138,Recursive,15,2011,2
9138,BranchAndBound,15,2011,0.036114
9138,Dynamic,15,2011,0.146736
9138,FPTAS25,15,1938,0.143482
9138,FPTAS50,15,1946,0.144779
9138,FPTAS75,15,1980,0.143405
9139,Recursive,15,1821,2
9139,BranchAndBound,15,1821,0.077025
9139,Dynamic,15,1821,0.146986
9139,FPTAS25,15,1758,0.143208
9139,FPTAS50,15,1762,0.143867
9139,FPTAS75,15,1796,0.144299
9140,Recursive,15,2167,2
9140,BranchAndBound,15,2167,0.096032
9140,Dynamic,15,2167,0.146958
9140,FPTAS25,15,2070,0.141814
9140,FPTAS50,15,2099,0.175938
9140,FPTAS75,15,2133,0.142003
9141,Recursive,15,1860,2
9141,BranchAndBound,15,1860,0.05828
9141,Dynamic,15,1860,0.148367
9141,FPTAS25,15,1790,0.146018
9141,FPTAS50,15,1820,0.144705
9141,FPTAS75,15,1833,0.144478
9142,Recursive,15,1439,2
9142,BranchAndBound,15,1439,0.060377
9142,Dynamic,15,1439,0.146822
9142,FPTAS25,15,1378,0.143657
9142,FPTAS50,15,1401,0.144015
9142,FPTAS75,15,1416,0.143518
9143,Recursive,15,1641,2
9143,BranchAndBound,15,1641,0.075494
9143,Dynamic,15,1641,0.132337
9143,FPTAS25,15,1570,0.1278
9143,FPTAS50,15,1589,0.12857
9143,FPTAS75,15,1619,0.128271
9144,Recursive,15,1776,2
9144,BranchAndBound,15,1776,0.047402
9144,Dynamic,15,1776,0.146158
9144,FPTAS25,15,1663,0.142972
9144,FPTAS50,15,1710,0.144885
9144,FPTAS75,15,1748,0.144466
9145,Recursive,15,1995,2
9145,BranchAndBound,15,1995,0.067286
9145,Dynamic,15,1995,0.147972
9145,FPTAS25,15,1930,0.144695
9145,FPTAS50,15,1947,0.179264
9145,FPTAS75,15,1976,0.144183
9146,Recursive,15,2008,2
9146,BranchAndBound,15,2008,0.042131
9146,Dynamic,15,2008,0.145941
9146,FPTAS25,15,1938,0.144411
9146,FPTAS50,15,1958,0.145081
9146,FPTAS75,15,1977,0.144456
9147,Recursive,15,1381,2
9147,BranchAndBound,15,1381,0.181432
9147,Dynamic,15,1381,0.144282
9147,FPTAS25,15,1306,0.142095
9147,FPTAS50,15,1346,0.142155
9147,FPTAS75,15,1364,0.142108
9148,Recursive,15,1771,2
9148,BranchAndBound,15,1771,0.085611
9148,Dynamic,15,1771,0.146969
9148,FPTAS25,15,1701,0.144735
9148,FPTAS50,15,1729,0.145175
9148,FPTAS75,15,1749,0.144905
9149,Recursive,15,1873,2
9149,BranchAndBound,15,1873,0.047302
9149,Dynamic,15,1873,0.145928
9149,FPTAS25,15,1815,0.143563
9149,FPTAS50,15,1839,0.144778
9149,FPTAS75,15,1851,0.143293
9150,Recursive,20,1995,76
9150,BranchAndBound,20,1995,11
9150,Dynamic,20,1995,3
9150,FPTAS25,20,1937,4
9150,FPTAS50,20,1946,3
9150,FPTAS75,20,1971,3
9151,Recursive,20,2623,77
9151,BranchAndBound,20,2623,2
9151,Dynamic,20,2623,4
9151,FPTAS25,20,2540,4
9151,FPTAS50,20,2587,4
9151,FPTAS75,20,2603,4
9152,Recursive,20,2607,76
9152,BranchAndBound,20,2607,0.660309
9152,Dynamic,20,2607,4
9152,FPTAS25,20,2529,4
9152,FPTAS50,20,2574,4
9152,FPTAS75,20,2592,4
9153,Recursive,20,2089,76
9153,BranchAndBound,20,2089,2
9153,Dynamic,20,2089,4
9153,FPTAS25,20,2017,5
9153,FPTAS50,20,2046,4
9153,FPTAS75,20,2064,4
9154,Recursive,20,2062,76
9154,BranchAndBound,20,2062,0.153219
9154,Dynamic,20,2062,4
9154,FPTAS25,20,1965,5
9154,FPTAS50,20,2009,4
9154,FPTAS75,20,2038,4
9155,Recursive,20,2723,79
9155,BranchAndBound,20,2723,0.617107
9155,Dynamic,20,2723,5
9155,FPTAS25,20,2647,4
9155,FPTAS50,20,2662,4
9155,FPTAS75,20,2691,4
9156,Recursive,20,2193,76
9156,BranchAndBound,20,2193,2
9156,Dynamic,20,2193,3
9156,FPTAS25,20,2112,4
9156,FPTAS50,20,2140,3
9156,FPTAS75,20,2164,3
9157,Recursive,20,2992,76
9157,BranchAndBound,20,2992,1.089988
9157,Dynamic,20,2992,4
9157,FPTAS25,20,2922,4
9157,FPTAS50,20,2941,4
9157,FPTAS75,20,2972,4
9158,Recursive,20,2197,76
9158,BranchAndBound,20,2197,0.927513
9158,Dynamic,20,2197,4
9158,FPTAS25,20,2103,6
9158,FPTAS50,20,2142,4
9158,FPTAS75,20,2167,4
9159,Recursive,20,2551,76
9159,BranchAndBound,20,2551,8
9159,Dynamic,20,2551,4
9159,FPTAS25,20,2485,4
9159,FPTAS50,20,2511,4
9159,FPTAS75,20,2530,4
9160,Recursive,20,2372,76
9160,BranchAndBound,20,2372,0.764923
9160,Dynamic,20,2372,4
9160,FPTAS25,20,2278,4
9160,FPTAS50,20,2327,4
9160,FPTAS75,20,2345,4
9161,Recursive,20,2116,76
9161,BranchAndBound,20,2116,1.709551
9161,Dynamic,20,2116,4
9161,FPTAS25,20,2061,5
9161,FPTAS50,20,2081,4
9161,FPTAS75,20,2101,4
9162,Recursive,20,2368,76
9162,BranchAndBound,20,2368,15
9162,Dynamic,20,2368,3
9162,FPTAS25,20,2305,3
9162,FPTAS50,20,2326,3
9162,FPTAS75,20,2347,3
9163,Recursive,20,2440,76
9163,BranchAndBound,20,2440,0.968834
9163,Dynamic,20,2440,3
9163,FPTAS25,20,2381,3
9163,FPTAS50,20,2387,3
9163,FPTAS75,20,2419,4
9164,Recursive,20,1609,76
9164,BranchAndBound,20,1609,2
9164,Dynamic,20,1609,4
9164,FPTAS25,20,1552,4
9164,FPTAS50,20,1575,4
9164,FPTAS75,20,1588,4
9165,Recursive,20,249,76
9165,BranchAndBound,20,249,39
9165,Dynamic,20,249,3
9165,FPTAS25,20,242,3
9165,FPTAS50,20,249,3
9165,FPTAS75,20,249,3
9166,Recursive,20,2184,76
9166,BranchAndBound,20,2184,2
9166,Dynamic,20,2184,4
9166,FPTAS25,20,2110,4
9166,FPTAS50,20,2141,4
9166,FPTAS75,20,2163,4
9167,Recursive,20,1903,76
9167,BranchAndBound,20,1903,11
9167,Dynamic,20,1903,3
9167,FPTAS25,20,1851,3
9167,FPTAS50,20,1866,3
9167,FPTAS75,20,1883,3
9168,Recursive,20,2359,76
9168,BranchAndBound,20,2359,4
9168,Dynamic,20,2359,4
9168,FPTAS25,20,2277,4
9168,FPTAS50,20,2309,4
9168,FPTAS75,20,2337,4
9169,Recursive,20,2550,77
9169,BranchAndBound,20,2550,0.302988
9169,Dynamic,20,2550,4
9169,FPTAS25,20,2476,4
9169,FPTAS50,20,2505,4
9169,FPTAS75,20,2524,4
9170,Recursive,20,2796,76
9170,BranchAndBound,20,2796,1.762132
9170,Dynamic,20,2796,4
9170,FPTAS25,20,2718,4
9170,FPTAS50,20,2750,4
9170,FPTAS75,20,2775,4
9171,Recursive,20,1953,76
9171,BranchAndBound,20,1953,1.148081
9171,Dynamic,20,1953,4
9171,FPTAS25,20,1887,4
9171,FPTAS50,20,1905,4
9171,FPTAS75,20,1929,4
9172,Recursive,20,2532,76
9172,BranchAndBound,20,2532,0.378159
9172,Dynamic,20,2532,4
9172,FPTAS25,20,2444,4
9172,FPTAS50,20,2484,4
9172,FPTAS75,20,2506,4
9173,Recursive,20,2347,76
9173,BranchAndBound,20,2347,1.160113
9173,Dynamic,20,2347,4
9173,FPTAS25,20,2287,4
9173,FPTAS50,20,2318,4
9173,FPTAS75,20,2331,4
9174,Recursive,20,2684,76
9174,BranchAndBound,20,2684,3
9174,Dynamic,20,2684,4
9174,FPTAS25,20,2601,4
9174,FPTAS50,20,2644,4
9174,FPTAS75,20,2666,4
9175,Recursive,20,1903,76
9175,BranchAndBound,20,1903,1.397744
9175,Dynamic,20,1903,4
9175,FPTAS25,20,1857,4
9175,FPTAS50,20,1866,4
9175,FPTAS75,20,1881,4
9176,Recursive,20,2335,77
9176,BranchAndBound,20,2335,0.603046
9176,Dynamic,20,2335,4
9176,FPTAS25,20,2252,4
9176,FPTAS50,20,2286,4
9176,FPTAS75,20,2310,4
9177,Recursive,20,2365,76
9177,BranchAndBound,20,2365,2
9177,Dynamic,20,2365,4
9177,FPTAS25,20,2287,4
9177,FPTAS50,20,2315,4
9177,FPTAS75,20,2342,4
9178,Recursive,20,2249,76
9178,BranchAndBound,20,2249,12
9178,Dynamic,20,2249,3
9178,FPTAS25,20,2177,3
9178,FPTAS50,20,2201,3
9178,FPTAS75,20,2232,3
9179,Recursive,20,2041,76
9179,BranchAndBound,20,2041,1.167707
9179,Dynamic,20,2041,4
9179,FPTAS25,20,1968,4
9179,FPTAS50,20,2014,4
9179,FPTAS75,20,2022,4
9180,Recursive,20,2273,76
9180,BranchAndBound,20,2273,10
9180,Dynamic,20,2273,3
9180,FPTAS25,20,2203,3
9180,FPTAS50,20,2224,3
9180,FPTAS75,20,2253,3
9181,Recursive,20,2435,76
9181,BranchAndBound,20,2435,0.263662
9181,Dynamic,20,2435,4
9181,FPTAS25,20,2350,4
9181,FPTAS50,20,2383,4
9181,FPTAS75,20,2404,4
9182,Recursive,20,2508,76
9182,BranchAndBound,20,2508,1.929921
9182,Dynamic,20,2508,4
9182,FPTAS25,20,2457,4
9182,FPTAS50,20,2469,4
9182,FPTAS75,20,2488,4
9183,Recursive,20,1863,76
9183,BranchAndBound,20,1863,8
9183,Dynamic,20,1863,3
9183,FPTAS25,20,1806,3
9183,FPTAS50,20,1837,3
9183,FPTAS75,20,1850,3
9184,Recursive,20,2959,76
9184,BranchAndBound,20,2959,1.142312
9184,Dynamic,20,2959,4
9184,FPTAS25,20,2887,4
9184,FPTAS50,20,2907,4
9184,FPTAS75,20,2929,4
9185,Recursive,20,2411,76
9185,BranchAndBound,20,2411,0.266189
9185,Dynamic,20,2411,4
9185,FPTAS25,20,2324,5
9185,FPTAS50,20,2368,4
9185,FPTAS75,20,2387,4
9186,Recursive,20,2456,76
9186,BranchAndBound,20,2456,1.22507
9186,Dynamic,20,2456,4
9186,FPTAS25,20,2371,4
9186,FPTAS50,20,2412,4
9186,FPTAS75,20,2434,4
9187,Recursive,20,2333,76
9187,BranchAndBound,20,2333,2
9187,Dynamic,20,2333,4
9187,FPTAS25,20,2268,4
9187,FPTAS50,20,2294,4
9187,FPTAS75,20,2317,4
9188,Recursive,20,1983,77
9188,BranchAndBound,20,1983,4
9188,Dynamic,20,1983,4
9188,FPTAS25,20,1930,5
9188,FPTAS50,20,1945,4
9188,FPTAS75,20,1965,4
9189,Recursive,20,2041,76
9189,BranchAndBound,20,2041,9
9189,Dynamic,20,2041,4
9189,FPTAS25,20,1952,4
9189,FPTAS50,20,1974,4
9189,FPTAS75,20,2009,4
9190,Recursive,20,2338,76
9190,BranchAndBound,20,2338,3
9190,Dynamic,20,2338,3
9190,FPTAS25,20,2257,3
9190,FPTAS50,20,2296,3
9190,FPTAS75,20,2316,3
9191,Recursive,20,2818,76
9191,BranchAndBound,20,2818,0.14672
9191,Dynamic,20,2818,4
9191,FPTAS25,20,2740,4
9191,FPTAS50,20,2753,4
9191,FPTAS75,20,2790,4
9192,Recursive,20,2441,76
9192,BranchAndBound,20,2441,0.7815
9192,Dynamic,20,2441,4
9192,FPTAS25,20,2370,4
9192,FPTAS50,20,2385,4
9192,FPTAS75,20,2418,4
9193,Recursive,20,1821,76
9193,BranchAndBound,20,1821,1.140453
9193,Dynamic,20,1821,3
9193,FPTAS25,20,1754,3
9193,FPTAS50,20,1780,3
9193,FPTAS75,20,1808,3
9194,Recursive,20,2721,76
9194,BranchAndBound,20,2721,3
9194,Dynamic,20,2721,3
9194,FPTAS25,20,2647,3
9194,FPTAS50,20,2687,3
9194,FPTAS75,20,2706,3
9195,Recursive,20,2421,76
9195,BranchAndBound,20,2421,0.889686
9195,Dynamic,20,2421,4
9195,FPTAS25,20,2343,4
9195,FPTAS50,20,2380,4
9195,FPTAS75,20,2402,4
9196,Recursive,20,2475,76
9196,BranchAndBound,20,2475,0.881598
9196,Dynamic,20,2475,4
9196,FPTAS25,20,2380,4
9196,FPTAS50,20,2411,4
9196,FPTAS75,20,2445,4
9197,Recursive,20,2417,76
9197,BranchAndBound,20,2417,0.444063
9197,Dynamic,20,2417,4
9197,FPTAS25,20,2343,4
9197,FPTAS50,20,2365,4
9197,FPTAS75,20,2390,4
9198,Recursive,20,2033,76
9198,BranchAndBound,20,2033,2
9198,Dynamic,20,2033,4
9198,FPTAS25,20,1931,4
9198,FPTAS50,20,1976,4
9198,FPTAS75,20,2008,4
9199,Recursive,20,2168,76
9199,BranchAndBound,20,2168,5
9199,Dynamic,20,2168,4
9199,FPTAS25,20,2094,4
9199,FPTAS50,20,2131,4
9199,FPTAS75,20,2154,4
9200,Recursive,22,2625,306
9200,BranchAndBound,22,2625,5
9200,Dynamic,22,2625,17
9200,FPTAS25,22,2542,16
9200,FPTAS50,22,2587,16
9200,FPTAS75,22,2607,16
9201,Recursive,22,2215,307
9201,BranchAndBound,22,2215,13
9201,Dynamic,22,2215,16
9201,FPTAS25,22,2150,16
9201,FPTAS50,22,2174,16
9201,FPTAS75,22,2187,16
9202,Recursive,22,2479,306
9202,BranchAndBound,22,2479,11
9202,Dynamic,22,2479,16
9202,FPTAS25,22,2402,16
9202,FPTAS50,22,2442,16
9202,FPTAS75,22,2460,16
9203,Recursive,22,2474,306
9203,BranchAndBound,22,2474,13
9203,Dynamic,22,2474,17
9203,FPTAS25,22,2401,17
9203,FPTAS50,22,2425,16
9203,FPTAS75,22,2451,17
9204,Recursive,22,2877,306
9204,BranchAndBound,22,2877,5
9204,Dynamic,22,2877,18
9204,FPTAS25,22,2805,17
9204,FPTAS50,22,2834,17
9204,FPTAS75,22,2851,17
9205,Recursive,22,2581,306
9205,BranchAndBound,22,2581,72
9205,Dynamic,22,2581,14
9205,FPTAS25,22,2503,14
9205,FPTAS50,22,2532,14
9205,FPTAS75,22,2552,14
9206,Recursive,22,2401,306
9206,BranchAndBound,22,2401,3
9206,Dynamic,22,2401,17
9206,FPTAS25,22,2341,17
9206,FPTAS50,22,2361,17
9206,FPTAS75,22,2383,17
9207,Recursive,22,2647,311
9207,BranchAndBound,22,2647,5
9207,Dynamic,22,2647,17
9207,FPTAS25,22,2559,17
9207,FPTAS50,22,2615,17
9207,FPTAS75,22,2627,17
9208,Recursive,22,2425,306
9208,BranchAndBound,22,2425,21
9208,Dynamic,22,2425,16
9208,FPTAS25,22,2369,16
9208,FPTAS50,22,2374,16
9208,FPTAS75,22,2402,16
9209,Recursive,22,2265,306
9209,BranchAndBound,22,2265,26
9209,Dynamic,22,2265,16
9209,FPTAS25,22,2196,16
9209,FPTAS50,22,2216,16
9209,FPTAS75,22,2238,16
9210,Recursive,22,2576,306
9210,BranchAndBound,22,2576,16
9210,Dynamic,22,2576,17
9210,FPTAS25,22,2499,16
9210,FPTAS50,22,2531,16
9210,FPTAS75,22,2555,17
9211,Recursive,22,2525,306
9211,BranchAndBound,22,2525,29
9211,Dynamic,22,2525,15
9211,FPTAS25,22,2452,15
9211,FPTAS50,22,2485,15
9211,FPTAS75,22,2504,15
9212,Recursive,22,2561,307
9212,BranchAndBound,22,2561,40
9212,Dynamic,22,2561,14
9212,FPTAS25,22,2488,13
9212,FPTAS50,22,2515,13
9212,FPTAS75,22,2539,13
9213,Recursive,22,2677,307
9213,BranchAndBound,22,2677,31
9213,Dynamic,22,2677,16
9213,FPTAS25,22,2616,15
9213,FPTAS50,22,2631,15
9213,FPTAS75,22,2651,16
9214,Recursive,22,2442,306
9214,BranchAndBound,22,2442,13
9214,Dynamic,22,2442,17
9214,FPTAS25,22,2381,17
9214,FPTAS50,22,2410,17
9214,FPTAS75,22,2419,17
9215,Recursive,22,2646,307
9215,BranchAndBound,22,2646,5
9215,Dynamic,22,2646,14
9215,FPTAS25,22,2585,14
9215,FPTAS50,22,2600,14
9215,FPTAS75,22,2628,14
9216,Recursive,22,1868,306
9216,BranchAndBound,22,1868,3
9216,Dynamic,22,1868,17
9216,FPTAS25,22,1794,19
9216,FPTAS50,22,1822,17
9216,FPTAS75,22,1848,17
9217,Recursive,22,2505,306
9217,BranchAndBound,22,2505,19
9217,Dynamic,22,2505,17
9217,FPTAS25,22,2437,17
9217,FPTAS50,22,2473,17
9217,FPTAS75,22,2489,17
9218,Recursive,22,2244,307
9218,BranchAndBound,22,2244,9
9218,Dynamic,22,2244,17
9218,FPTAS25,22,2173,17
9218,FPTAS50,22,2199,17
9218,FPTAS75,22,2219,17
9219,Recursive,22,2345,307
9219,BranchAndBound,22,2345,10
9219,Dynamic,22,2345,17
9219,FPTAS25,22,2287,16
9219,FPTAS50,22,2300,16
9219,FPTAS75,22,2318,16
9220,Recursive,22,2651,306
9220,BranchAndBound,22,2651,9
9220,Dynamic,22,2651,16
9220,FPTAS25,22,2560,16
9220,FPTAS50,22,2605,16
9220,FPTAS75,22,2623,16
9221,Recursive,22,3032,306
9221,BranchAndBound,22,3032,6
9221,Dynamic,22,3032,18
9221,FPTAS25,22,2948,18
9221,FPTAS50,22,2977,18
9221,FPTAS75,22,3002,18
9222,Recursive,22,2393,307
9222,BranchAndBound,22,2393,53
9222,Dynamic,22,2393,16
9222,FPTAS25,22,2328,15
9222,FPTAS50,22,2346,15
9222,FPTAS75,22,2366,15
9223,Recursive,22,2811,306
9223,BranchAndBound,22,2811,9
9223,Dynamic,22,2811,17
9223,FPTAS25,22,2723,17
9223,FPTAS50,22,2760,17
9223,FPTAS75,22,2786,17
9224,Recursive,22,2315,306
9224,BranchAndBound,22,2315,9
9224,Dynamic,22,2315,14
9224,FPTAS25,22,2245,14
9224,FPTAS50,22,2268,14
9224,FPTAS75,22,2287,14
9225,Recursive,22,2564,306
9225,BranchAndBound,22,2564,17
9225,Dynamic,22,2564,15
9225,FPTAS25,22,2501,15
9225,FPTAS50,22,2524,15
9225,FPTAS75,22,2545,15
9226,Recursive,22,2250,307
9226,BranchAndBound,22,2250,53
9226,Dynamic,22,2250,10
9226,FPTAS25,22,2185,10
9226,FPTAS50,22,2201,10
9226,FPTAS75,22,2229,10
9227,Recursive,22,2453,306
9227,BranchAndBound,22,2453,16
9227,Dynamic,22,2453,17
9227,FPTAS25,22,2364,17
9227,FPTAS50,22,2400,16
9227,FPTAS75,22,2432,17
9228,Recursive,22,2520,306
9228,BranchAndBound,22,2520,4
9228,Dynamic,22,2520,18
9228,FPTAS25,22,2438,18
9228,FPTAS50,22,2470,18
9228,FPTAS75,22,2492,18
9229,Recursive,22,2157,307
9229,BranchAndBound,22,2157,147
9229,Dynamic,22,2157,10
9229,FPTAS25,22,2107,10
9229,FPTAS50,22,2134,10
9229,FPTAS75,22,2145,10
9230,Recursive,22,2633,307
9230,BranchAndBound,22,2633,13
9230,Dynamic,22,2633,16
9230,FPTAS25,22,2571,15
9230,FPTAS50,22,2586,15
9230,FPTAS75,22,2615,15
9231,Recursive,22,2260,307
9231,BranchAndBound,22,2260,131
9231,Dynamic,22,2260,12
9231,FPTAS25,22,2206,12
9231,FPTAS50,22,2223,12
9231,FPTAS75,22,2245,12
9232,Recursive,22,2318,312
9232,BranchAndBound,22,2318,11
9232,Dynamic,22,2318,16
9232,FPTAS25,22,2260,17
9232,FPTAS50,22,2262,16
9232,FPTAS75,22,2294,17
9233,Recursive,22,2405,324
9233,BranchAndBound,22,2405,14
9233,Dynamic,22,2405,14
9233,FPTAS25,22,2334,14
9233,FPTAS50,22,2376,14
9233,FPTAS75,22,2384,14
9234,Recursive,22,2626,306
9234,BranchAndBound,22,2626,1.583845
9234,Dynamic,22,2626,16
9234,FPTAS25,22,2570,16
9234,FPTAS50,22,2587,15
9234,FPTAS75,22,2609,16
9235,Recursive,22,2827,307
9235,BranchAndBound,22,2827,35
9235,Dynamic,22,2827,15
9235,FPTAS25,22,2757,15
9235,FPTAS50,22,2783,15
9235,FPTAS75,22,2806,15
9236,Recursive,22,2358,307
9236,BranchAndBound,22,2358,115
9236,Dynamic,22,2358,12
9236,FPTAS25,22,2291,12
9236,FPTAS50,22,2322,12
9236,FPTAS75,22,2339,12
9237,Recursive,22,249,312
9237,BranchAndBound,22,249,156
9237,Dynamic,22,249,12
9237,FPTAS25,22,246,13
9237,FPTAS50,22,249,12
9237,FPTAS75,22,249,12
9238,Recursive,22,2920,306
9238,BranchAndBound,22,2920,49
9238,Dynamic,22,2920,11
9238,FPTAS25,22,2858,12
9238,FPTAS50,22,2888,12
9238,FPTAS75,22,2904,11
9239,Recursive,22,2476,306
9239,BranchAndBound,22,2476,26
9239,Dynamic,22,2476,17
9239,FPTAS25,22,2398,16
9239,FPTAS50,22,2430,16
9239,FPTAS75,22,2453,16
9240,Recursive,22,2069,306
9240,BranchAndBound,22,2069,4
9240,Dynamic,22,2069,16
9240,FPTAS25,22,1999,21
9240,FPTAS50,22,2028,16
9240,FPTAS75,22,2045,16
9241,Recursive,22,2486,310
9241,BranchAndBound,22,2486,22
9241,Dynamic,22,2486,17
9241,FPTAS25,22,2420,18
9241,FPTAS50,22,2428,16
9241,FPTAS75,22,2462,16
9242,Recursive,22,2673,313
9242,BranchAndBound,22,2673,32
9242,Dynamic,22,2673,13
9242,FPTAS25,22,2616,13
9242,FPTAS50,22,2632,13
9242,FPTAS75,22,2656,13
9243,Recursive,22,2570,306
9243,BranchAndBound,22,2570,7
9243,Dynamic,22,2570,16
9243,FPTAS25,22,2497,15
9243,FPTAS50,22,2527,15
9243,FPTAS75,22,2547,15
9244,Recursive,22,2956,307
9244,BranchAndBound,22,2956,0.474806
9244,Dynamic,22,2956,17
9244,FPTAS25,22,2880,18
9244,FPTAS50,22,2915,18
9244,FPTAS75,22,2932,18
9245,Recursive,22,2082,311
9245,BranchAndBound,22,2082,40
9245,Dynamic,22,2082,13
9245,FPTAS25,22,2017,12
9245,FPTAS50,22,2043,12
9245,FPTAS75,22,2060,12
9246,Recursive,22,2915,308
9246,BranchAndBound,22,2915,7
9246,Dynamic,22,2915,14
9246,FPTAS25,22,2823,14
9246,FPTAS50,22,2863,14
9246,FPTAS75,22,2886,14
9247,Recursive,22,2555,308
9247,BranchAndBound,22,2555,10
9247,Dynamic,22,2555,17
9247,FPTAS25,22,2494,16
9247,FPTAS50,22,2515,16
9247,FPTAS75,22,2532,16
9248,Recursive,22,2582,308
9248,BranchAndBound,22,2582,11
9248,Dynamic,22,2582,18
9248,FPTAS25,22,2510,17
9248,FPTAS50,22,2534,17
9248,FPTAS75,22,2557,17
9249,Recursive,22,2306,309
9249,BranchAndBound,22,2306,20
9249,Dynamic,22,2306,17
9249,FPTAS25,22,2240,17
9249,FPTAS50,22,2265,17
9249,FPTAS75,22,2285,17
9250,Recursive,25,2427,2504
9250,BranchAndBound,25,2427,328
9250,Dynamic,25,2427,114
9250,FPTAS25,25,2380,115
9250,FPTAS50,25,2400,115
9250,FPTAS75,25,2410,113
9251,Recursive,25,2846,2523
9251,BranchAndBound,25,2846,152
9251,Dynamic,25,2846,133
9251,FPTAS25,25,2771,134
9251,FPTAS50,25,2798,132
9251,FPTAS75,25,2826,134
9252,Recursive,25,2538,2484
9252,BranchAndBound,25,2538,35
9252,Dynamic,25,2538,138
9252,FPTAS25,25,2478,138
9252,FPTAS50,25,2501,142
9252,FPTAS75,25,2520,143
9253,Recursive,25,3370,2483
9253,BranchAndBound,25,3370,67
9253,Dynamic,25,3370,145
9253,FPTAS25,25,3281,142
9253,FPTAS50,25,3316,144
9253,FPTAS75,25,3341,142
9254,Recursive,25,2884,2485
9254,BranchAndBound,25,2884,18
9254,Dynamic,25,2884,137
9254,FPTAS25,25,2815,136
9254,FPTAS50,25,2840,136
9254,FPTAS75,25,2863,135
9255,Recursive,25,2595,2552
9255,BranchAndBound,25,2595,70
9255,Dynamic,25,2595,136
9255,FPTAS25,25,2546,135
9255,FPTAS50,25,2562,136
9255,FPTAS75,25,2576,135
9256,Recursive,25,3048,2493
9256,BranchAndBound,25,3048,62
9256,Dynamic,25,3048,141
9256,FPTAS25,25,2977,143
9256,FPTAS50,25,3015,142
9256,FPTAS75,25,3032,140
9257,Recursive,25,2717,2473
9257,BranchAndBound,25,2717,77
9257,Dynamic,25,2717,113
9257,FPTAS25,25,2660,114
9257,FPTAS50,25,2679,113
9257,FPTAS75,25,2699,114
9258,Recursive,25,3290,2486
9258,BranchAndBound,25,3290,59
9258,Dynamic,25,3290,139
9258,FPTAS25,25,3220,137
9258,FPTAS50,25,3238,139
9258,FPTAS75,25,3264,137
9259,Recursive,25,2581,2470
9259,BranchAndBound,25,2581,1.538832
9259,Dynamic,25,2581,146
9259,FPTAS25,25,2494,146
9259,FPTAS50,25,2538,146
9259,FPTAS75,25,2555,145
9260,Recursive,25,2766,2472
9260,BranchAndBound,25,2766,72
9260,Dynamic,25,2766,132
9260,FPTAS25,25,2694,132
9260,FPTAS50,25,2720,133
9260,FPTAS75,25,2744,131
9261,Recursive,25,2897,2469
9261,BranchAndBound,25,2897,61
9261,Dynamic,25,2897,133
9261,FPTAS25,25,2838,135
9261,FPTAS50,25,2853,134
9261,FPTAS75,25,2879,133
9262,Recursive,25,2597,2468
9262,BranchAndBound,25,2597,103
9262,Dynamic,25,2597,95
9262,FPTAS25,25,2537,96
9262,FPTAS50,25,2555,96
9262,FPTAS75,25,2575,95
9263,Recursive,25,2564,2472
9263,BranchAndBound,25,2564,237
9263,Dynamic,25,2564,135
9263,FPTAS25,25,2491,133
9263,FPTAS50,25,2518,134
9263,FPTAS75,25,2539,132
9264,Recursive,25,3075,2509
9264,BranchAndBound,25,3075,48
9264,Dynamic,25,3075,142
9264,FPTAS25,25,2994,143
9264,FPTAS50,25,3027,142
9264,FPTAS75,25,3050,141
9265,Recursive,25,2666,2519
9265,BranchAndBound,25,2666,155
9265,Dynamic,25,2666,97
9265,FPTAS25,25,2610,95
9265,FPTAS50,25,2610,95
9265,FPTAS75,25,2646,94
9266,Recursive,25,3029,2533
9266,BranchAndBound,25,3029,24
9266,Dynamic,25,3029,162
9266,FPTAS25,25,2949,171
9266,FPTAS50,25,2983,158
9266,FPTAS75,25,3001,153
9267,Recursive,25,3341,2537
9267,BranchAndBound,25,3341,87
9267,Dynamic,25,3341,142
9267,FPTAS25,25,3281,140
9267,FPTAS50,25,3289,142
9267,FPTAS75,25,3315,139
9268,Recursive,25,3062,2524
9268,BranchAndBound,25,3062,49
9268,Dynamic,25,3062,143
9268,FPTAS25,25,3000,142
9268,FPTAS50,25,3030,140
9268,FPTAS75,25,3047,139
9269,Recursive,25,3060,2510
9269,BranchAndBound,25,3060,225
9269,Dynamic,25,3060,126
9269,FPTAS25,25,2993,123
9269,FPTAS50,25,3015,125
9269,FPTAS75,25,3037,123
9270,Recursive,25,3307,2514
9270,BranchAndBound,25,3307,239
9270,Dynamic,25,3307,117
9270,FPTAS25,25,3258,114
9270,FPTAS50,25,3265,116
9270,FPTAS75,25,3291,114
9271,Recursive,25,2758,2509
9271,BranchAndBound,25,2758,73
9271,Dynamic,25,2758,127
9271,FPTAS25,25,2701,126
9271,FPTAS50,25,2706,128
9271,FPTAS75,25,2735,125
9272,Recursive,25,2710,2517
9272,BranchAndBound,25,2710,168
9272,Dynamic,25,2710,133
9272,FPTAS25,25,2653,130
9272,FPTAS50,25,2670,131
9272,FPTAS75,25,2689,128
9273,Recursive,25,2934,2509
9273,BranchAndBound,25,2934,126
9273,Dynamic,25,2934,136
9273,FPTAS25,25,2883,137
9273,FPTAS50,25,2896,136
9273,FPTAS75,25,2916,134
9274,Recursive,25,3239,2512
9274,BranchAndBound,25,3239,178
9274,Dynamic,25,3239,138
9274,FPTAS25,25,3173,134
9274,FPTAS50,25,3201,135
9274,FPTAS75,25,3217,134
9275,Recursive,25,3283,2499
9275,BranchAndBound,25,3283,1.981312
9275,Dynamic,25,3283,146
9275,FPTAS25,25,3211,147
9275,FPTAS50,25,3224,146
9275,FPTAS75,25,3256,145
9276,Recursive,25,2937,2591
9276,BranchAndBound,25,2937,476
9276,Dynamic,25,2937,119
9276,FPTAS25,25,2864,117
9276,FPTAS50,25,2891,116
9276,FPTAS75,25,2914,115
9277,Recursive,25,3582,2532
9277,BranchAndBound,25,3582,21
9277,Dynamic,25,3582,144
9277,FPTAS25,25,3508,139
9277,FPTAS50,25,3539,139
9277,FPTAS75,25,3561,138
9278,Recursive,25,3442,2514
9278,BranchAndBound,25,3442,52
9278,Dynamic,25,3442,147
9278,FPTAS25,25,3383,141
9278,FPTAS50,25,3398,143
9278,FPTAS75,25,3423,141
9279,Recursive,25,2733,2535
9279,BranchAndBound,25,2733,78
9279,Dynamic,25,2733,120
9279,FPTAS25,25,2660,118
9279,FPTAS50,25,2684,118
9279,FPTAS75,25,2711,116
9280,Recursive,25,2655,2521
9280,BranchAndBound,25,2655,387
9280,Dynamic,25,2655,121
9280,FPTAS25,25,2598,120
9280,FPTAS50,25,2605,122
9280,FPTAS75,25,2632,120
9281,Recursive,25,3058,2513
9281,BranchAndBound,25,3058,20
9281,Dynamic,25,3058,133
9281,FPTAS25,25,2990,135
9281,FPTAS50,25,3005,133
9281,FPTAS75,25,3033,138
9282,Recursive,25,2694,2519
9282,BranchAndBound,25,2694,14
9282,Dynamic,25,2694,149
9282,FPTAS25,25,2623,145
9282,FPTAS50,25,2652,145
9282,FPTAS75,25,2675,144
9283,Recursive,25,299,2509
9283,BranchAndBound,25,299,1289
9283,Dynamic,25,299,99
9283,FPTAS25,25,296,99
9283,FPTAS50,25,299,99
9283,FPTAS75,25,299,98
9284,Recursive,25,2953,2538
9284,BranchAndBound,25,2953,390
9284,Dynamic,25,2953,122
9284,FPTAS25,25,2899,122
9284,FPTAS50,25,2922,121
9284,FPTAS75,25,2937,119
9285,Recursive,25,3071,2526
9285,BranchAndBound,25,3071,62
9285,Dynamic,25,3071,136
9285,FPTAS25,25,3001,133
9285,FPTAS50,25,3033,133
9285,FPTAS75,25,3050,132
9286,Recursive,25,3024,2586
9286,BranchAndBound,25,3024,89
9286,Dynamic,25,3024,134
9286,FPTAS25,25,2956,134
9286,FPTAS50,25,2971,131
9286,FPTAS75,25,2999,129
9287,Recursive,25,3088,2534
9287,BranchAndBound,25,3088,9
9287,Dynamic,25,3088,127
9287,FPTAS25,25,3012,126
9287,FPTAS50,25,3042,125
9287,FPTAS75,25,3064,123
9288,Recursive,25,2971,2514
9288,BranchAndBound,25,2971,40
9288,Dynamic,25,2971,140
9288,FPTAS25,25,2880,139
9288,FPTAS50,25,2923,138
9288,FPTAS75,25,2945,138
9289,Recursive,25,2543,2523
9289,BranchAndBound,25,2543,92
9289,Dynamic,25,2543,129
9289,FPTAS25,25,2487,126
9289,FPTAS50,25,2499,126
9289,FPTAS75,25,2519,126
9290,Recursive,25,2791,2626
9290,BranchAndBound,25,2791,152
9290,Dynamic,25,2791,155
9290,FPTAS25,25,2726,145
9290,FPTAS50,25,2748,139
9290,FPTAS75,25,2771,134
9291,Recursive,25,3039,2524
9291,BranchAndBound,25,3039,4
9291,Dynamic,25,3039,152
9291,FPTAS25,25,2948,153
9291,FPTAS50,25,2988,152
9291,FPTAS75,25,3013,152
9292,Recursive,25,2956,2572
9292,BranchAndBound,25,2956,160
9292,Dynamic,25,2956,144
9292,FPTAS25,25,2899,141
9292,FPTAS50,25,2912,141
9292,FPTAS75,25,2937,139
9293,Recursive,25,3210,2607
9293,BranchAndBound,25,3210,41
9293,Dynamic,25,3210,140
9293,FPTAS25,25,3128,140
9293,FPTAS50,25,3156,137
9293,FPTAS75,25,3184,136
9294,Recursive,25,2746,2521
9294,BranchAndBound,25,2746,430
9294,Dynamic,25,2746,125
9294,FPTAS25,25,2665,130
9294,FPTAS50,25,2705,133
9294,FPTAS75,25,2728,130
9295,Recursive,25,3170,2589
9295,BranchAndBound,25,3170,47
9295,Dynamic,25,3170,137
9295,FPTAS25,25,3100,147
9295,FPTAS50,25,3112,143
9295,FPTAS75,25,3144,140
9296,Recursive,25,3297,2553
9296,BranchAndBound,25,3297,81
9296,Dynamic,25,3297,141
9296,FPTAS25,25,3235,137
9296,FPTAS50,25,3238,137
9296,FPTAS75,25,3271,135
9297,Recursive,25,3135,2567
9297,BranchAndBound,25,3135,44
9297,Dynamic,25,3135,156
9297,FPTAS25,25,3040,160
9297,FPTAS50,25,3088,156
9297,FPTAS75,25,3106,153
9298,Recursive,25,3011,2731
9298,BranchAndBound,25,3011,91
9298,Dynamic,25,3011,174
9298,FPTAS25,25,2941,170
9298,FPTAS50,25,2973,165
9298,FPTAS75,25,2991,158
9299,Recursive,25,2901,2696
9299,BranchAndBound,25,2901,84
9299,Dynamic,25,2901,137
9299,FPTAS25,25,2838,137
9299,FPTAS50,25,2853,137
9299,FPTAS75,25,2874,136
9300,Recursive,27,3538,10383
9300,BranchAndBound,27,3538,832
9300,Dynamic,27,3538,598
9300,FPTAS25,27,3471,573
9300,FPTAS50,27,3471,584
9300,FPTAS75,27,3508,577
9301,Recursive,27,3609,10681
9301,BranchAndBound,27,3609,144
9301,Dynamic,27,3609,647
9301,FPTAS25,27,3542,596
9301,FPTAS50,27,3560,565
9301,FPTAS75,27,3586,558
9302,Recursive,27,3256,10198
9302,BranchAndBound,27,3256,707
9302,Dynamic,27,3256,629
9302,FPTAS25,27,3180,579
9302,FPTAS50,27,3217,539
9302,FPTAS75,27,3238,537
9303,Recursive,27,2553,10271
9303,BranchAndBound,27,2553,16
9303,Dynamic,27,2553,588
9303,FPTAS25,27,2480,608
9303,FPTAS50,27,2514,589
9303,FPTAS75,27,2532,589
9304,Recursive,27,2932,10087
9304,BranchAndBound,27,2932,1192
9304,Dynamic,27,2932,470
9304,FPTAS25,27,2875,471
9304,FPTAS50,27,2892,474
9304,FPTAS75,27,2911,469
9305,Recursive,27,3100,10100
9305,BranchAndBound,27,3100,674
9305,Dynamic,27,3100,507
9305,FPTAS25,27,3024,503
9305,FPTAS50,27,3050,506
9305,FPTAS75,27,3076,503
9306,Recursive,27,2820,10098
9306,BranchAndBound,27,2820,833
9306,Dynamic,27,2820,535
9306,FPTAS25,27,2744,538
9306,FPTAS50,27,2776,539
9306,FPTAS75,27,2795,535
9307,Recursive,27,3264,10087
9307,BranchAndBound,27,3264,73
9307,Dynamic,27,3264,555
9307,FPTAS25,27,3186,553
9307,FPTAS50,27,3202,556
9307,FPTAS75,27,3237,553
9308,Recursive,27,3043,10088
9308,BranchAndBound,27,3043,222
9308,Dynamic,27,3043,510
9308,FPTAS25,27,2975,506
9308,FPTAS50,27,3003,513
9308,FPTAS75,27,3024,513
9309,Recursive,27,2838,10219
9309,BranchAndBound,27,2838,14
9309,Dynamic,27,2838,587
9309,FPTAS25,27,2768,583
9309,FPTAS50,27,2800,613
9309,FPTAS75,27,2818,617
9310,Recursive,27,3488,10169
9310,BranchAndBound,27,3488,3
9310,Dynamic,27,3488,596
9310,FPTAS25,27,3420,598
9310,FPTAS50,27,3448,585
9310,FPTAS75,27,3468,582
9311,Recursive,27,3490,10097
9311,BranchAndBound,27,3490,49
9311,Dynamic,27,3490,587
9311,FPTAS25,27,3436,577
9311,FPTAS50,27,3419,583
9311,FPTAS75,27,3461,577
9312,Recursive,27,2880,10102
9312,BranchAndBound,27,2880,78
9312,Dynamic,27,2880,576
9312,FPTAS25,27,2809,574
9312,FPTAS50,27,2827,578
9312,FPTAS75,27,2859,574
9313,Recursive,27,2997,10115
9313,BranchAndBound,27,2997,220
9313,Dynamic,27,2997,551
9313,FPTAS25,27,2925,554
9313,FPTAS50,27,2960,551
9313,FPTAS75,27,2975,549
9314,Recursive,27,2805,10214
9314,BranchAndBound,27,2805,87
9314,Dynamic,27,2805,576
9314,FPTAS25,27,2755,578
9314,FPTAS50,27,2764,603
9314,FPTAS75,27,2785,598
9315,Recursive,27,3240,10194
9315,BranchAndBound,27,3240,15
9315,Dynamic,27,3240,582
9315,FPTAS25,27,3163,579
9315,FPTAS50,27,3193,581
9315,FPTAS75,27,3216,578
9316,Recursive,27,2868,10150
9316,BranchAndBound,27,2868,886
9316,Dynamic,27,2868,516
9316,FPTAS25,27,2798,511
9316,FPTAS50,27,2824,515
9316,FPTAS75,27,2844,511
9317,Recursive,27,3019,10181
9317,BranchAndBound,27,3019,685
9317,Dynamic,27,3019,520
9317,FPTAS25,27,2965,516
9317,FPTAS50,27,2972,519
9317,FPTAS75,27,2995,516
9318,Recursive,27,3359,10103
9318,BranchAndBound,27,3359,312
9318,Dynamic,27,3359,560
9318,FPTAS25,27,3285,568
9318,FPTAS50,27,3309,551
9318,FPTAS75,27,3328,552
9319,Recursive,27,2812,10132
9319,BranchAndBound,27,2812,525
9319,Dynamic,27,2812,507
9319,FPTAS25,27,2746,505
9319,FPTAS50,27,2763,509
9319,FPTAS75,27,2786,506
9320,Recursive,27,3306,10130
9320,BranchAndBound,27,3306,721
9320,Dynamic,27,3306,545
9320,FPTAS25,27,3245,540
9320,FPTAS50,27,3259,547
9320,FPTAS75,27,3283,540
9321,Recursive,27,2533,39564
9321,BranchAndBound,27,2533,299
9321,Dynamic,27,2533,960
9321,FPTAS25,27,2471,928
9321,FPTAS50,27,2486,923
9321,FPTAS75,27,2508,920
9322,Recursive,27,2773,14502
9322,BranchAndBound,27,2773,557
9322,Dynamic,27,2773,731
9322,FPTAS25,27,2711,722
9322,FPTAS50,27,2732,724
9322,FPTAS75,27,2751,698
9323,Recursive,27,3228,12592
9323,BranchAndBound,27,3228,49
9323,Dynamic,27,3228,698
9323,FPTAS25,27,3159,687
9323,FPTAS50,27,3190,688
9323,FPTAS75,27,3204,676
9324,Recursive,27,3379,11647
9324,BranchAndBound,27,3379,232
9324,Dynamic,27,3379,651
9324,FPTAS25,27,3332,644
9324,FPTAS50,27,3332,631
9324,FPTAS75,27,3355,631
9325,Recursive,27,3477,10887
9325,BranchAndBound,27,3477,85
9325,Dynamic,27,3477,621
9325,FPTAS25,27,3414,623
9325,FPTAS50,27,3424,605
9325,FPTAS75,27,3450,598
9326,Recursive,27,3391,10408
9326,BranchAndBound,27,3391,171
9326,Dynamic,27,3391,595
9326,FPTAS25,27,3329,588
9326,FPTAS50,27,3333,573
9326,FPTAS75,27,3364,572
9327,Recursive,27,3063,10067
9327,BranchAndBound,27,3063,1117
9327,Dynamic,27,3063,512
9327,FPTAS25,27,3017,506
9327,FPTAS50,27,3028,512
9327,FPTAS75,27,3047,506
9328,Recursive,27,2924,10092
9328,BranchAndBound,27,2924,100
9328,Dynamic,27,2924,575
9328,FPTAS25,27,2862,573
9328,FPTAS50,27,2871,577
9328,FPTAS75,27,2898,574
9329,Recursive,27,3244,10085
9329,BranchAndBound,27,3244,35
9329,Dynamic,27,3244,559
9329,FPTAS25,27,3190,560
9329,FPTAS50,27,3195,562
9329,FPTAS75,27,3223,558
9330,Recursive,27,3261,10106
9330,BranchAndBound,27,3261,389
9330,Dynamic,27,3261,572
9330,FPTAS25,27,3192,582
9330,FPTAS50,27,3212,568
9330,FPTAS75,27,3239,566
9331,Recursive,27,3494,10105
9331,BranchAndBound,27,3494,118
9331,Dynamic,27,3494,562
9331,FPTAS25,27,3416,568
9331,FPTAS50,27,3448,556
9331,FPTAS75,27,3469,553
9332,Recursive,27,3333,10327
9332,BranchAndBound,27,3333,7
9332,Dynamic,27,3333,626
9332,FPTAS25,27,3253,613
9332,FPTAS50,27,3289,610
9332,FPTAS75,27,3309,603
9333,Recursive,27,3398,10417
9333,BranchAndBound,27,3398,401
9333,Dynamic,27,3398,572
9333,FPTAS25,27,3320,567
9333,FPTAS50,27,3343,560
9333,FPTAS75,27,3370,557
9334,Recursive,27,3080,10098
9334,BranchAndBound,27,3080,147
9334,Dynamic,27,3080,575
9334,FPTAS25,27,3017,572
9334,FPTAS50,27,3036,575
9334,FPTAS75,27,3052,572
9335,Recursive,27,3315,10320
9335,BranchAndBound,27,3315,607
9335,Dynamic,27,3315,534
9335,FPTAS25,27,3264,537
9335,FPTAS50,27,3277,525
9335,FPTAS75,27,3299,525
9336,Recursive,27,3458,10288
9336,BranchAndBound,27,3458,223
9336,Dynamic,27,3458,581
9336,FPTAS25,27,3396,582
9336,FPTAS50,27,3416,572
9336,FPTAS75,27,3439,570
9337,Recursive,27,3546,12116
9337,BranchAndBound,27,3546,326
9337,Dynamic,27,3546,648
9337,FPTAS25,27,3492,642
9337,FPTAS50,27,3485,621
9337,FPTAS75,27,3519,620
9338,Recursive,27,349,11212
9338,BranchAndBound,27,349,5537
9338,Dynamic,27,349,437
9338,FPTAS25,27,349,418
9338,FPTAS50,27,349,416
9338,FPTAS75,27,349,412
9339,Recursive,27,3133,10462
9339,BranchAndBound,27,3133,111
9339,Dynamic,27,3133,587
9339,FPTAS25,27,3080,572
9339,FPTAS50,27,3087,577
9339,FPTAS75,27,3108,571
9340,Recursive,27,2970,10080
9340,BranchAndBound,27,2970,91
9340,Dynamic,27,2970,572
9340,FPTAS25,27,2907,575
9340,FPTAS50,27,2928,572
9340,FPTAS75,27,2949,571
9341,Recursive,27,3977,10088
9341,BranchAndBound,27,3977,23
9341,Dynamic,27,3977,578
9341,FPTAS25,27,3895,579
9341,FPTAS50,27,3924,580
9341,FPTAS75,27,3950,576
9342,Recursive,27,2954,10108
9342,BranchAndBound,27,2954,151
9342,Dynamic,27,2954,575
9342,FPTAS25,27,2891,573
9342,FPTAS50,27,2910,576
9342,FPTAS75,27,2934,573
9343,Recursive,27,3156,10137
9343,BranchAndBound,27,3156,24
9343,Dynamic,27,3156,569
9343,FPTAS25,27,3080,568
9343,FPTAS50,27,3106,571
9343,FPTAS75,27,3133,568
9344,Recursive,27,3490,10706
9344,BranchAndBound,27,3490,781
9344,Dynamic,27,3490,585
9344,FPTAS25,27,3428,572
9344,FPTAS50,27,3451,558
9344,FPTAS75,27,3466,556
9345,Recursive,27,2884,10349
9345,BranchAndBound,27,2884,173
9345,Dynamic,27,2884,563
9345,FPTAS25,27,2818,555
9345,FPTAS50,27,2833,558
9345,FPTAS75,27,2862,558
9346,Recursive,27,3124,10097
9346,BranchAndBound,27,3124,621
9346,Dynamic,27,3124,546
9346,FPTAS25,27,3060,544
9346,FPTAS50,27,3073,547
9346,FPTAS75,27,3098,545
9347,Recursive,27,2545,10114
9347,BranchAndBound,27,2545,7
9347,Dynamic,27,2545,579
9347,FPTAS25,27,2468,580
9347,FPTAS50,27,2506,578
9347,FPTAS75,27,2525,578
9348,Recursive,27,2846,10149
9348,BranchAndBound,27,2846,72
9348,Dynamic,27,2846,566
9348,FPTAS25,27,2772,570
9348,FPTAS50,27,2789,569
9348,FPTAS75,27,2822,565
9349,Recursive,27,3019,10196
9349,BranchAndBound,27,3019,232
9349,Dynamic,27,3019,575
9349,FPTAS25,27,2962,564
9349,FPTAS50,27,2976,563
9349,FPTAS75,27,2996,565
9350,Recursive,30,2875,83414
9350,BranchAndBound,30,2875,436
9350,Dynamic,30,2875,4242
9350,FPTAS25,30,2804,4241
9350,FPTAS50,30,2832,4264
9350,FPTAS75,30,2853,4247
9351,Recursive,30,3327,126333
9351,BranchAndBound,30,3327,1359
9351,Dynamic,30,3327,4907
9351,FPTAS25,30,3257,5178
9351,FPTAS50,30,3293,5465
9351,FPTAS75,30,3306,4858
9352,Recursive,30,3463,114144
9352,BranchAndBound,30,3463,3916
9352,Dynamic,30,3463,5501
9352,FPTAS25,30,3410,4906
9352,FPTAS50,30,3422,4837
9352,FPTAS75,30,3441,4774
9353,Recursive,30,3987,84486
9353,BranchAndBound,30,3987,771
9353,Dynamic,30,3987,4725
9353,FPTAS25,30,3921,4746
9353,FPTAS50,30,3938,4787
9353,FPTAS75,30,3965,4680
9354,Recursive,30,3771,109158
9354,BranchAndBound,30,3771,503
9354,Dynamic,30,3771,5119
9354,FPTAS25,30,3703,5173
9354,FPTAS50,30,3723,4793
9354,FPTAS75,30,3746,4639
9355,Recursive,30,3968,84592
9355,BranchAndBound,30,3968,2755
9355,Dynamic,30,3968,4653
9355,FPTAS25,30,3907,4693
9355,FPTAS50,30,3927,4813
9355,FPTAS75,30,3950,4621
9356,Recursive,30,3757,125737
9356,BranchAndBound,30,3757,2028
9356,Dynamic,30,3757,4716
9356,FPTAS25,30,3695,4652
9356,FPTAS50,30,3708,4504
9356,FPTAS75,30,3727,4508
9357,Recursive,30,3659,120913
9357,BranchAndBound,30,3659,7661
9357,Dynamic,30,3659,4864
9357,FPTAS25,30,3601,4648
9357,FPTAS50,30,3615,4817
9357,FPTAS75,30,3636,4521
9358,Recursive,30,3773,88770
9358,BranchAndBound,30,3773,277
9358,Dynamic,30,3773,4637
9358,FPTAS25,30,3697,4645
9358,FPTAS50,30,3727,4679
9358,FPTAS75,30,3748,4682
9359,Recursive,30,3786,85069
9359,BranchAndBound,30,3786,149
9359,Dynamic,30,3786,24808
9359,FPTAS25,30,3725,12217
9359,FPTAS50,30,3740,7736
9359,FPTAS75,30,3765,7367
9360,Recursive,30,3206,92287
9360,BranchAndBound,30,3206,2191
9360,Dynamic,30,3206,4681
9360,FPTAS25,30,3139,4666
9360,FPTAS50,30,3157,4545
9360,FPTAS75,30,3177,4537
9361,Recursive,30,4039,93358
9361,BranchAndBound,30,4039,3727
9361,Dynamic,30,4039,5257
9361,FPTAS25,30,3956,5241
9361,FPTAS50,30,3985,5248
9361,FPTAS75,30,4017,4923
9362,Recursive,30,3059,88500
9362,BranchAndBound,30,3059,2662
9362,Dynamic,30,3059,4866
9362,FPTAS25,30,2982,4946
9362,FPTAS50,30,3008,4598
9362,FPTAS75,30,3034,4683
9363,Recursive,30,3255,85519
9363,BranchAndBound,30,3255,2229
9363,Dynamic,30,3255,4808
9363,FPTAS25,30,3172,5072
9363,FPTAS50,30,3214,4977
9363,FPTAS75,30,3230,5066
9364,Recursive,30,2965,86463
9364,BranchAndBound,30,2965,1076
9364,Dynamic,30,2965,4735
9364,FPTAS25,30,2898,5171
9364,FPTAS50,30,2923,5182
9364,FPTAS75,30,2944,5680
9365,Recursive,30,3447,93737
9365,BranchAndBound,30,3447,4014
9365,Dynamic,30,3447,7945
9365,FPTAS25,30,3376,6937
9365,FPTAS50,30,3401,6708
9365,FPTAS75,30,3422,6020
9366,Recursive,30,3456,89485
9366,BranchAndBound,30,3456,4500
9366,Dynamic,30,3456,6335
9366,FPTAS25,30,3383,5887
9366,FPTAS50,30,3404,5739
9366,FPTAS75,30,3431,5416
9367,Recursive,30,3478,91789
9367,BranchAndBound,30,3478,1049
9367,Dynamic,30,3478,5557
9367,FPTAS25,30,3409,6013
9367,FPTAS50,30,3441,5415
9367,FPTAS75,30,3458,5962
9368,Recursive,30,3272,86696
9368,BranchAndBound,30,3272,296
9368,Dynamic,30,3272,5006
9368,FPTAS25,30,3215,5239
9368,FPTAS50,30,3234,4945
9368,FPTAS75,30,3248,4953
9369,Recursive,30,4382,86950
9369,BranchAndBound,30,4382,2141
9369,Dynamic,30,4382,4836
9369,FPTAS25,30,4309,4943
9369,FPTAS50,30,4335,5162
9369,FPTAS75,30,4360,4948
9370,Recursive,30,4013,87789
9370,BranchAndBound,30,4013,1132
9370,Dynamic,30,4013,6260
9370,FPTAS25,30,3934,6204
9370,FPTAS50,30,3967,6215
9370,FPTAS75,30,3990,5759
9371,Recursive,30,3738,87603
9371,BranchAndBound,30,3738,2873
9371,Dynamic,30,3738,5050
9371,FPTAS25,30,3662,5011
9371,FPTAS50,30,3695,4894
9371,FPTAS75,30,3712,5128
9372,Recursive,30,3860,92117
9372,BranchAndBound,30,3860,74
9372,Dynamic,30,3860,5649
9372,FPTAS25,30,3793,5558
9372,FPTAS50,30,3820,5248
9372,FPTAS75,30,3839,5067
9373,Recursive,30,3399,86133
9373,BranchAndBound,30,3399,9970
9373,Dynamic,30,3399,4426
9373,FPTAS25,30,3334,4553
9373,FPTAS50,30,3357,4345
9373,FPTAS75,30,3378,4358
9374,Recursive,30,3302,86172
9374,BranchAndBound,30,3302,1458
9374,Dynamic,30,3302,14986
9374,FPTAS25,30,3237,26129
9374,FPTAS50,30,3249,8098
9374,FPTAS75,30,3279,7129
9375,Recursive,30,3394,92858
9375,BranchAndBound,30,3394,1283
9375,Dynamic,30,3394,4656
9375,FPTAS25,30,3329,5211
9375,FPTAS50,30,3360,5038
9375,FPTAS75,30,3379,4895
9376,Recursive,30,3745,87170
9376,BranchAndBound,30,3745,815
9376,Dynamic,30,3745,5061
9376,FPTAS25,30,3670,5163
9376,FPTAS50,30,3699,4966
9376,FPTAS75,30,3723,5092
9377,Recursive,30,3624,90321
9377,BranchAndBound,30,3624,3264
9377,Dynamic,30,3624,4926
9377,FPTAS25,30,3556,5018
9377,FPTAS50,30,3574,4827
9377,FPTAS75,30,3604,4947
9378,Recursive,30,3605,87873
9378,BranchAndBound,30,3605,116
9378,Dynamic,30,3605,5089
9378,FPTAS25,30,3534,5123
9378,FPTAS50,30,3548,4857
9378,FPTAS75,30,3574,4859
9379,Recursive,30,3399,138237
9379,BranchAndBound,30,3399,4132
9379,Dynamic,30,3399,5777
9379,FPTAS25,30,3346,5710
9379,FPTAS50,30,3367,5451
9379,FPTAS75,30,3383,5358
9380,Recursive,30,399,96054
9380,BranchAndBound,30,399,45816
9380,Dynamic,30,399,3401
9380,FPTAS25,30,399,3727
9380,FPTAS50,30,399,3431
9380,FPTAS75,30,399,3443
9381,Recursive,30,3711,87240
9381,BranchAndBound,30,3711,962
9381,Dynamic,30,3711,4902
9381,FPTAS25,30,3636,4945
9381,FPTAS50,30,3668,4838
9381,FPTAS75,30,3689,4806
9382,Recursive,30,3875,87804
9382,BranchAndBound,30,3875,2216
9382,Dynamic,30,3875,4998
9382,FPTAS25,30,3801,5075
9382,FPTAS50,30,3832,4904
9382,FPTAS75,30,3851,5121
